ticket_id,complaint_id,customer_id,assigned_department,priority,status,sla_deadline,created_at,resolved_at
TCK-00001,CMP-00001,CUST-0028,Compliance/KYC,Medium,Resolved,2026-05-23 10:40:45.703909,2026-05-21 10:40:45.703909,2026-05-23 12:40:45.703909
TCK-00002,CMP-00002,CUST-0066,Finance Operations,High,Open,2026-04-29 10:40:45.704131,2026-04-28 10:40:45.704131,
TCK-00003,CMP-00003,CUST-0115,Compliance/KYC,Medium,In Progress,2026-05-17 10:40:45.704231,2026-05-15 10:40:45.704231,
TCK-00004,CMP-00004,CUST-0059,Technical Support,High,In Progress,2026-05-25 10:40:45.704316,2026-05-24 10:40:45.704316,
TCK-00005,CMP-00005,CUST-0021,Finance Operations,High,Open,2026-05-18 10:40:45.704398,2026-05-17 10:40:45.704398,
TCK-00006,CMP-00006,CUST-0044,Fraud/Risk Team,Critical,Resolved,2026-05-14 14:40:45.704477,2026-05-14 10:40:45.704477,2026-05-15 12:40:45.704477
TCK-00007,CMP-00007,CUST-0004,Finance Operations,High,Resolved,2026-05-22 10:40:45.704552,2026-05-21 10:40:45.704552,2026-05-21 17:40:45.704552
TCK-00008,CMP-00008,CUST-0099,Technical Support,High,Open,2026-05-19 10:40:45.704627,2026-05-18 10:40:45.704627,
TCK-00009,CMP-00009,CUST-0080,Customer Operations,Medium,Open,2026-05-15 10:40:45.704708,2026-05-13 10:40:45.704708,
TCK-00010,CMP-00010,CUST-0094,Finance Operations,High,Open,2026-05-17 10:40:45.704785,2026-05-16 10:40:45.704785,
TCK-00011,CMP-00011,CUST-0100,Compliance/KYC,Medium,Open,2026-05-28 10:40:45.704859,2026-05-26 10:40:45.704859,
TCK-00012,CMP-00012,CUST-0034,Finance Operations,High,In Progress,2026-05-25 10:40:45.704936,2026-05-24 10:40:45.704936,
TCK-00013,CMP-00013,CUST-0090,Customer Operations,Low,Resolved,2026-05-12 10:40:45.705022,2026-05-09 10:40:45.705022,2026-05-11 18:40:45.705022
TCK-00014,CMP-00014,CUST-0107,Fraud/Risk Team,Critical,Resolved,2026-04-30 14:40:45.705170,2026-04-30 10:40:45.705170,2026-04-30 22:40:45.705170
TCK-00015,CMP-00015,CUST-0019,Technical Support,High,In Progress,2026-05-16 10:40:45.705268,2026-05-15 10:40:45.705268,
TCK-00016,CMP-00016,CUST-0047,Fraud/Risk Team,Critical,Open,2026-05-08 14:40:45.705347,2026-05-08 10:40:45.705347,
TCK-00017,CMP-00017,CUST-0076,Finance Operations,High,Resolved,2026-05-02 10:40:45.705422,2026-05-01 10:40:45.705422,2026-05-03 06:40:45.705422
TCK-00018,CMP-00018,CUST-0041,Technical Support,High,Resolved,2026-05-03 10:40:45.705546,2026-05-02 10:40:45.705546,2026-05-04 23:40:45.705546
TCK-00019,CMP-00019,CUST-0076,Customer Operations,Medium,Resolved,2026-05-12 10:40:45.705630,2026-05-10 10:40:45.705630,2026-05-13 10:40:45.705630
TCK-00020,CMP-00020,CUST-0117,Compliance/KYC,Medium,Open,2026-04-28 10:40:45.705706,2026-04-26 10:40:45.705706,
TCK-00021,CMP-00021,CUST-0088,Customer Operations,Low,Escalated,2026-05-09 10:40:45.705780,2026-05-06 10:40:45.705780,
TCK-00022,CMP-00022,CUST-0107,Finance Operations,High,In Progress,2026-05-26 10:40:45.705853,2026-05-25 10:40:45.705853,
TCK-00023,CMP-00023,CUST-0081,Customer Operations,Medium,Open,2026-05-26 10:40:45.705925,2026-05-24 10:40:45.705925,
TCK-00024,CMP-00024,CUST-0102,Technical Support,Medium,Escalated,2026-05-06 10:40:45.706000,2026-05-04 10:40:45.706000,
TCK-00025,CMP-00025,CUST-0116,Technical Support,High,In Progress,2026-05-17 10:40:45.706076,2026-05-16 10:40:45.706076,
TCK-00026,CMP-00026,CUST-0014,Technical Support,High,In Progress,2026-05-13 10:40:45.706151,2026-05-12 10:40:45.706151,
TCK-00027,CMP-00027,CUST-0062,Technical Support,High,Escalated,2026-05-11 10:40:45.706229,2026-05-10 10:40:45.706229,
TCK-00028,CMP-00028,CUST-0001,Finance Operations,High,In Progress,2026-05-24 10:40:45.706304,2026-05-23 10:40:45.706304,
TCK-00029,CMP-00029,CUST-0115,Technical Support,High,Open,2026-04-27 10:40:45.706419,2026-04-26 10:40:45.706419,
TCK-00030,CMP-00030,CUST-0100,Compliance/KYC,Medium,Open,2026-05-10 10:40:45.706638,2026-05-08 10:40:45.706638,
TCK-00031,CMP-00031,CUST-0057,Compliance/KYC,Medium,In Progress,2026-05-05 10:40:45.706802,2026-05-03 10:40:45.706802,
TCK-00032,CMP-00032,CUST-0001,Compliance/KYC,Medium,Resolved,2026-04-30 10:40:45.706950,2026-04-28 10:40:45.706950,2026-04-29 04:40:45.706950
TCK-00033,CMP-00033,CUST-0014,Compliance/KYC,Medium,Resolved,2026-05-11 10:40:45.707088,2026-05-09 10:40:45.707088,2026-05-11 03:40:45.707088
TCK-00034,CMP-00034,CUST-0070,Technical Support,High,Escalated,2026-05-07 10:40:45.707234,2026-05-06 10:40:45.707234,
TCK-00035,CMP-00035,CUST-0063,Customer Operations,Low,Resolved,2026-04-29 10:40:45.707395,2026-04-26 10:40:45.707395,2026-04-28 21:40:45.707395
TCK-00036,CMP-00036,CUST-0069,Technical Support,Medium,Resolved,2026-05-15 10:40:45.707560,2026-05-13 10:40:45.707560,2026-05-13 22:40:45.707560
TCK-00037,CMP-00037,CUST-0029,Technical Support,High,Resolved,2026-05-26 10:40:45.707716,2026-05-25 10:40:45.707716,2026-05-25 18:40:45.707716
TCK-00038,CMP-00038,CUST-0103,Finance Operations,High,Resolved,2026-05-20 10:40:45.707896,2026-05-19 10:40:45.707896,2026-05-20 12:40:45.707896
TCK-00039,CMP-00039,CUST-0029,Customer Operations,Medium,Resolved,2026-05-06 10:40:45.708034,2026-05-04 10:40:45.708034,2026-05-05 02:40:45.708034
TCK-00040,CMP-00040,CUST-0066,Customer Operations,Medium,Open,2026-05-15 10:40:45.708127,2026-05-13 10:40:45.708127,
TCK-00041,CMP-00041,CUST-0033,Compliance/KYC,Medium,Resolved,2026-05-27 10:40:45.708204,2026-05-25 10:40:45.708204,2026-05-25 20:40:45.708204
TCK-00042,CMP-00042,CUST-0017,Compliance/KYC,Medium,Escalated,2026-05-09 10:40:45.708281,2026-05-07 10:40:45.708281,
TCK-00043,CMP-00043,CUST-0076,Finance Operations,High,Resolved,2026-05-22 10:40:45.708355,2026-05-21 10:40:45.708355,2026-05-22 06:40:45.708355
TCK-00044,CMP-00044,CUST-0078,Customer Operations,Low,Resolved,2026-05-14 10:40:45.708428,2026-05-11 10:40:45.708428,2026-05-11 21:40:45.708428
TCK-00045,CMP-00045,CUST-0023,Compliance/KYC,Medium,Open,2026-05-12 10:40:45.708501,2026-05-10 10:40:45.708501,
TCK-00046,CMP-00046,CUST-0028,Fraud/Risk Team,Critical,Escalated,2026-04-28 14:40:45.708573,2026-04-28 10:40:45.708573,
TCK-00047,CMP-00047,CUST-0074,Fraud/Risk Team,Critical,In Progress,2026-05-02 14:40:45.708645,2026-05-02 10:40:45.708645,
TCK-00048,CMP-00048,CUST-0081,Customer Operations,Medium,Escalated,2026-05-16 10:40:45.708719,2026-05-14 10:40:45.708719,
TCK-00049,CMP-00049,CUST-0061,Compliance/KYC,Medium,In Progress,2026-05-07 10:40:45.708792,2026-05-05 10:40:45.708792,
TCK-00050,CMP-00050,CUST-0044,Technical Support,Medium,Escalated,2026-05-11 10:40:45.708865,2026-05-09 10:40:45.708865,
TCK-00051,CMP-00051,CUST-0003,Fraud/Risk Team,Critical,Open,2026-04-27 14:40:45.708940,2026-04-27 10:40:45.708940,
TCK-00052,CMP-00052,CUST-0048,Technical Support,High,Escalated,2026-05-20 10:40:45.709014,2026-05-19 10:40:45.709014,
TCK-00053,CMP-00053,CUST-0082,Customer Operations,Medium,In Progress,2026-05-10 10:40:45.709089,2026-05-08 10:40:45.709089,
TCK-00054,CMP-00054,CUST-0011,Compliance/KYC,Medium,Open,2026-05-03 10:40:45.709162,2026-05-01 10:40:45.709162,
TCK-00055,CMP-00055,CUST-0007,Fraud/Risk Team,Critical,Escalated,2026-05-26 14:40:45.709234,2026-05-26 10:40:45.709234,
TCK-00056,CMP-00056,CUST-0117,Customer Operations,Low,Resolved,2026-05-29 10:40:45.709308,2026-05-26 10:40:45.709308,2026-05-27 03:40:45.709308
TCK-00057,CMP-00057,CUST-0074,Customer Operations,Low,Escalated,2026-04-30 10:40:45.709380,2026-04-27 10:40:45.709380,
TCK-00058,CMP-00058,CUST-0117,Technical Support,Medium,Escalated,2026-05-13 10:40:45.709457,2026-05-11 10:40:45.709457,
TCK-00059,CMP-00059,CUST-0059,Fraud/Risk Team,Critical,In Progress,2026-05-17 14:40:45.709530,2026-05-17 10:40:45.709530,
TCK-00060,CMP-00060,CUST-0112,Compliance/KYC,Medium,In Progress,2026-05-21 10:40:45.709601,2026-05-19 10:40:45.709601,
TCK-00061,CMP-00061,CUST-0106,Technical Support,Medium,Resolved,2026-04-28 10:40:45.709672,2026-04-26 10:40:45.709672,2026-04-26 16:40:45.709672
TCK-00062,CMP-00062,CUST-0085,Technical Support,High,Escalated,2026-05-01 10:40:45.709745,2026-04-30 10:40:45.709745,
TCK-00063,CMP-00063,CUST-0081,Finance Operations,High,In Progress,2026-05-06 10:40:45.709817,2026-05-05 10:40:45.709817,
TCK-00064,CMP-00064,CUST-0064,Compliance/KYC,Medium,In Progress,2026-05-01 10:40:45.709888,2026-04-29 10:40:45.709888,
TCK-00065,CMP-00065,CUST-0097,Finance Operations,High,Resolved,2026-05-12 10:40:45.709972,2026-05-11 10:40:45.709972,2026-05-14 10:40:45.709972
TCK-00066,CMP-00066,CUST-0072,Finance Operations,High,Resolved,2026-05-10 10:40:45.710181,2026-05-09 10:40:45.710181,2026-05-09 11:40:45.710181
TCK-00067,CMP-00067,CUST-0042,Customer Operations,Low,Escalated,2026-05-06 10:40:45.710329,2026-05-03 10:40:45.710329,
TCK-00068,CMP-00068,CUST-0120,Fraud/Risk Team,Critical,Resolved,2026-05-02 14:40:45.710489,2026-05-02 10:40:45.710489,2026-05-04 12:40:45.710489
TCK-00069,CMP-00069,CUST-0069,Customer Operations,Medium,Resolved,2026-05-07 10:40:45.710638,2026-05-05 10:40:45.710638,2026-05-07 18:40:45.710638
TCK-00070,CMP-00070,CUST-0034,Compliance/KYC,Medium,Open,2026-05-18 10:40:45.710790,2026-05-16 10:40:45.710790,
TCK-00071,CMP-00071,CUST-0084,Customer Operations,Low,Open,2026-05-08 10:40:45.710945,2026-05-05 10:40:45.710945,
TCK-00072,CMP-00072,CUST-0115,Technical Support,High,Resolved,2026-05-26 10:40:45.711101,2026-05-25 10:40:45.711101,2026-05-28 04:40:45.711101
TCK-00073,CMP-00073,CUST-0053,Finance Operations,High,Resolved,2026-05-13 10:40:45.711259,2026-05-12 10:40:45.711259,2026-05-12 19:40:45.711259
TCK-00074,CMP-00074,CUST-0116,Customer Operations,Low,Resolved,2026-05-06 10:40:45.711412,2026-05-03 10:40:45.711412,2026-05-04 10:40:45.711412
TCK-00075,CMP-00075,CUST-0119,Customer Operations,Medium,Open,2026-05-02 10:40:45.711567,2026-04-30 10:40:45.711567,
TCK-00076,CMP-00076,CUST-0046,Technical Support,Medium,Escalated,2026-05-03 10:40:45.711719,2026-05-01 10:40:45.711719,
TCK-00077,CMP-00077,CUST-0024,Technical Support,Medium,Open,2026-05-17 10:40:45.711877,2026-05-15 10:40:45.711877,
TCK-00078,CMP-00078,CUST-0082,Technical Support,Medium,Escalated,2026-05-23 10:40:45.712057,2026-05-21 10:40:45.712057,
TCK-00079,CMP-00079,CUST-0015,Compliance/KYC,Medium,Resolved,2026-05-11 10:40:45.712210,2026-05-09 10:40:45.712210,2026-05-10 17:40:45.712210
TCK-00080,CMP-00080,CUST-0082,Finance Operations,High,Open,2026-05-15 10:40:45.712363,2026-05-14 10:40:45.712363,
TCK-00081,CMP-00081,CUST-0048,Customer Operations,Low,Open,2026-05-10 10:40:45.712501,2026-05-07 10:40:45.712501,
TCK-00082,CMP-00082,CUST-0100,Technical Support,High,In Progress,2026-05-20 10:40:45.712636,2026-05-19 10:40:45.712636,
TCK-00083,CMP-00083,CUST-0074,Technical Support,Medium,In Progress,2026-05-21 10:40:45.712777,2026-05-19 10:40:45.712777,
TCK-00084,CMP-00084,CUST-0014,Compliance/KYC,Medium,Resolved,2026-05-19 10:40:45.712913,2026-05-17 10:40:45.712913,2026-05-20 03:40:45.712913
TCK-00085,CMP-00085,CUST-0098,Compliance/KYC,Medium,Escalated,2026-05-09 10:40:45.713056,2026-05-07 10:40:45.713056,
TCK-00086,CMP-00086,CUST-0116,Fraud/Risk Team,Critical,Open,2026-05-17 14:40:45.713198,2026-05-17 10:40:45.713198,
TCK-00087,CMP-00087,CUST-0086,Technical Support,Medium,Escalated,2026-05-26 10:40:45.713338,2026-05-24 10:40:45.713338,
TCK-00088,CMP-00088,CUST-0078,Fraud/Risk Team,Critical,Escalated,2026-05-12 14:40:45.713488,2026-05-12 10:40:45.713488,
TCK-00089,CMP-00089,CUST-0051,Fraud/Risk Team,Critical,Resolved,2026-05-02 14:40:45.713649,2026-05-02 10:40:45.713649,2026-05-03 20:40:45.713649
TCK-00090,CMP-00090,CUST-0118,Customer Operations,Medium,In Progress,2026-05-27 10:40:45.713793,2026-05-25 10:40:45.713793,
TCK-00091,CMP-00091,CUST-0062,Finance Operations,High,Escalated,2026-05-21 10:40:45.713915,2026-05-20 10:40:45.713915,
TCK-00092,CMP-00092,CUST-0035,Fraud/Risk Team,Critical,Resolved,2026-05-03 14:40:45.714080,2026-05-03 10:40:45.714080,2026-05-06 01:40:45.714080
TCK-00093,CMP-00093,CUST-0047,Fraud/Risk Team,Critical,Escalated,2026-05-19 14:40:45.714237,2026-05-19 10:40:45.714237,
TCK-00094,CMP-00094,CUST-0040,Technical Support,High,Open,2026-05-01 10:40:45.714369,2026-04-30 10:40:45.714369,
TCK-00095,CMP-00095,CUST-0009,Finance Operations,High,Open,2026-05-23 10:40:45.714499,2026-05-22 10:40:45.714499,
TCK-00096,CMP-00096,CUST-0012,Technical Support,High,Escalated,2026-04-30 10:40:45.714626,2026-04-29 10:40:45.714626,
TCK-00097,CMP-00097,CUST-0055,Finance Operations,High,In Progress,2026-05-24 10:40:45.714752,2026-05-23 10:40:45.714752,
TCK-00098,CMP-00098,CUST-0023,Customer Operations,Medium,In Progress,2026-05-27 10:40:45.714876,2026-05-25 10:40:45.714876,
TCK-00099,CMP-00099,CUST-0032,Customer Operations,Low,Open,2026-05-28 10:40:45.714997,2026-05-25 10:40:45.714997,
TCK-00100,CMP-00100,CUST-0062,Fraud/Risk Team,Critical,Open,2026-05-03 14:40:45.715138,2026-05-03 10:40:45.715138,
TCK-00101,CMP-00101,CUST-0078,Compliance/KYC,Medium,Resolved,2026-04-29 10:40:45.715280,2026-04-27 10:40:45.715280,2026-04-30 09:40:45.715280
TCK-00102,CMP-00102,CUST-0020,Finance Operations,High,Escalated,2026-05-10 10:40:45.715434,2026-05-09 10:40:45.715434,
TCK-00103,CMP-00103,CUST-0047,Finance Operations,High,Open,2026-05-06 10:40:45.715562,2026-05-05 10:40:45.715562,
TCK-00104,CMP-00104,CUST-0004,Technical Support,High,Open,2026-05-06 10:40:45.715683,2026-05-05 10:40:45.715683,
TCK-00105,CMP-00105,CUST-0033,Customer Operations,Low,In Progress,2026-05-20 10:40:45.715807,2026-05-17 10:40:45.715807,
TCK-00106,CMP-00106,CUST-0038,Technical Support,Medium,Escalated,2026-05-22 10:40:45.715928,2026-05-20 10:40:45.715928,
TCK-00107,CMP-00107,CUST-0058,Finance Operations,High,Escalated,2026-05-02 10:40:45.716051,2026-05-01 10:40:45.716051,
TCK-00108,CMP-00108,CUST-0100,Customer Operations,Medium,Open,2026-05-20 10:40:45.716177,2026-05-18 10:40:45.716177,
TCK-00109,CMP-00109,CUST-0048,Customer Operations,Low,Escalated,2026-05-29 10:40:45.716293,2026-05-26 10:40:45.716293,
TCK-00110,CMP-00110,CUST-0009,Technical Support,Medium,Escalated,2026-05-18 10:40:45.716433,2026-05-16 10:40:45.716433,
TCK-00111,CMP-00111,CUST-0029,Fraud/Risk Team,Critical,Resolved,2026-05-07 14:40:45.716564,2026-05-07 10:40:45.716564,2026-05-07 15:40:45.716564
TCK-00112,CMP-00112,CUST-0068,Technical Support,Medium,Resolved,2026-05-11 10:40:45.716676,2026-05-09 10:40:45.716676,2026-05-10 06:40:45.716676
TCK-00113,CMP-00113,CUST-0010,Compliance/KYC,Medium,In Progress,2026-05-03 10:40:45.716813,2026-05-01 10:40:45.716813,
TCK-00114,CMP-00114,CUST-0071,Customer Operations,Low,Open,2026-05-11 10:40:45.716900,2026-05-08 10:40:45.716900,
TCK-00115,CMP-00115,CUST-0034,Finance Operations,High,In Progress,2026-05-15 10:40:45.716992,2026-05-14 10:40:45.716992,
TCK-00116,CMP-00116,CUST-0114,Customer Operations,Medium,In Progress,2026-05-23 10:40:45.717073,2026-05-21 10:40:45.717073,
TCK-00117,CMP-00117,CUST-0102,Technical Support,High,Escalated,2026-04-29 10:40:45.717154,2026-04-28 10:40:45.717154,
TCK-00118,CMP-00118,CUST-0090,Technical Support,Medium,In Progress,2026-05-27 10:40:45.717235,2026-05-25 10:40:45.717235,
TCK-00119,CMP-00119,CUST-0090,Finance Operations,High,Escalated,2026-04-27 10:40:45.717318,2026-04-26 10:40:45.717318,
TCK-00120,CMP-00120,CUST-0081,Finance Operations,High,In Progress,2026-05-23 10:40:45.717399,2026-05-22 10:40:45.717399,
TCK-00121,CMP-00121,CUST-0013,Fraud/Risk Team,Critical,In Progress,2026-05-24 14:40:45.717485,2026-05-24 10:40:45.717485,
TCK-00122,CMP-00122,CUST-0017,Technical Support,Medium,Resolved,2026-05-25 10:40:45.717566,2026-05-23 10:40:45.717566,2026-05-24 06:40:45.717566
TCK-00123,CMP-00123,CUST-0048,Fraud/Risk Team,Critical,Escalated,2026-04-28 14:40:45.717645,2026-04-28 10:40:45.717645,
TCK-00124,CMP-00124,CUST-0028,Technical Support,Medium,Open,2026-05-13 10:40:45.717724,2026-05-11 10:40:45.717724,
TCK-00125,CMP-00125,CUST-0016,Customer Operations,Low,In Progress,2026-05-28 10:40:45.717803,2026-05-25 10:40:45.717803,
TCK-00126,CMP-00126,CUST-0011,Technical Support,High,Escalated,2026-05-12 10:40:45.717882,2026-05-11 10:40:45.717882,
TCK-00127,CMP-00127,CUST-0054,Technical Support,Medium,In Progress,2026-05-03 10:40:45.717960,2026-05-01 10:40:45.717960,
TCK-00128,CMP-00128,CUST-0052,Finance Operations,High,Resolved,2026-05-19 10:40:45.718042,2026-05-18 10:40:45.718042,2026-05-19 23:40:45.718042
TCK-00129,CMP-00129,CUST-0059,Customer Operations,Medium,In Progress,2026-05-28 10:40:45.718122,2026-05-26 10:40:45.718122,
TCK-00130,CMP-00130,CUST-0113,Finance Operations,High,Escalated,2026-05-06 10:40:45.718202,2026-05-05 10:40:45.718202,
TCK-00131,CMP-00131,CUST-0061,Customer Operations,Medium,Escalated,2026-05-20 10:40:45.718281,2026-05-18 10:40:45.718281,
TCK-00132,CMP-00132,CUST-0100,Finance Operations,High,Resolved,2026-05-01 10:40:45.718360,2026-04-30 10:40:45.718360,2026-04-30 12:40:45.718360
TCK-00133,CMP-00133,CUST-0003,Technical Support,High,Resolved,2026-05-24 10:40:45.718439,2026-05-23 10:40:45.718439,2026-05-25 00:40:45.718439
TCK-00134,CMP-00134,CUST-0063,Customer Operations,Medium,Resolved,2026-05-09 10:40:45.718517,2026-05-07 10:40:45.718517,2026-05-09 00:40:45.718517
TCK-00135,CMP-00135,CUST-0069,Fraud/Risk Team,Critical,Resolved,2026-05-22 14:40:45.718596,2026-05-22 10:40:45.718596,2026-05-25 06:40:45.718596
TCK-00136,CMP-00136,CUST-0072,Finance Operations,High,Resolved,2026-05-13 10:40:45.718675,2026-05-12 10:40:45.718675,2026-05-13 14:40:45.718675
TCK-00137,CMP-00137,CUST-0100,Technical Support,High,Open,2026-05-14 10:40:45.718755,2026-05-13 10:40:45.718755,
TCK-00138,CMP-00138,CUST-0043,Finance Operations,High,Open,2026-05-26 10:40:45.718834,2026-05-25 10:40:45.718834,
TCK-00139,CMP-00139,CUST-0030,Customer Operations,Low,Escalated,2026-04-29 10:40:45.718914,2026-04-26 10:40:45.718914,
TCK-00140,CMP-00140,CUST-0061,Customer Operations,Medium,Open,2026-05-11 10:40:45.718993,2026-05-09 10:40:45.718993,
TCK-00141,CMP-00141,CUST-0117,Finance Operations,High,Open,2026-05-11 10:40:45.719072,2026-05-10 10:40:45.719072,
TCK-00142,CMP-00142,CUST-0053,Fraud/Risk Team,Critical,Escalated,2026-05-04 14:40:45.719184,2026-05-04 10:40:45.719184,
TCK-00143,CMP-00143,CUST-0086,Technical Support,High,In Progress,2026-05-15 10:40:45.719268,2026-05-14 10:40:45.719268,
TCK-00144,CMP-00144,CUST-0013,Fraud/Risk Team,Critical,Escalated,2026-05-05 14:40:45.719349,2026-05-05 10:40:45.719349,
TCK-00145,CMP-00145,CUST-0014,Finance Operations,High,Open,2026-05-18 10:40:45.719430,2026-05-17 10:40:45.719430,
TCK-00146,CMP-00146,CUST-0038,Customer Operations,Low,In Progress,2026-05-13 10:40:45.719511,2026-05-10 10:40:45.719511,
TCK-00147,CMP-00147,CUST-0058,Customer Operations,Low,Escalated,2026-05-13 10:40:45.719592,2026-05-10 10:40:45.719592,
TCK-00148,CMP-00148,CUST-0076,Finance Operations,High,In Progress,2026-05-23 10:40:45.719676,2026-05-22 10:40:45.719676,
TCK-00149,CMP-00149,CUST-0023,Technical Support,High,Resolved,2026-05-26 10:40:45.719757,2026-05-25 10:40:45.719757,2026-05-28 01:40:45.719757
TCK-00150,CMP-00150,CUST-0059,Finance Operations,High,Resolved,2026-05-14 10:40:45.719927,2026-05-13 10:40:45.719927,2026-05-16 09:40:45.719927
TCK-00151,CMP-00151,CUST-0050,Technical Support,High,Escalated,2026-05-23 10:40:45.720096,2026-05-22 10:40:45.720096,
TCK-00152,CMP-00152,CUST-0061,Finance Operations,High,Open,2026-05-10 10:40:45.720252,2026-05-09 10:40:45.720252,
TCK-00153,CMP-00153,CUST-0088,Finance Operations,High,Open,2026-05-07 10:40:45.720406,2026-05-06 10:40:45.720406,
TCK-00154,CMP-00154,CUST-0022,Finance Operations,High,In Progress,2026-05-09 10:40:45.720553,2026-05-08 10:40:45.720553,
TCK-00155,CMP-00155,CUST-0061,Technical Support,High,Resolved,2026-05-22 10:40:45.720688,2026-05-21 10:40:45.720688,2026-05-24 08:40:45.720688
TCK-00156,CMP-00156,CUST-0117,Customer Operations,Low,In Progress,2026-05-22 10:40:45.720844,2026-05-19 10:40:45.720844,
TCK-00157,CMP-00157,CUST-0022,Fraud/Risk Team,Critical,In Progress,2026-04-26 14:40:45.721002,2026-04-26 10:40:45.721002,
TCK-00158,CMP-00158,CUST-0108,Customer Operations,Medium,Open,2026-05-01 10:40:45.721153,2026-04-29 10:40:45.721153,
TCK-00159,CMP-00159,CUST-0025,Compliance/KYC,Medium,Open,2026-04-29 10:40:45.721276,2026-04-27 10:40:45.721276,
TCK-00160,CMP-00160,CUST-0092,Technical Support,Medium,In Progress,2026-05-24 10:40:45.721394,2026-05-22 10:40:45.721394,
TCK-00161,CMP-00161,CUST-0085,Technical Support,High,Open,2026-05-17 10:40:45.721506,2026-05-16 10:40:45.721506,
TCK-00162,CMP-00162,CUST-0036,Fraud/Risk Team,Critical,In Progress,2026-05-06 14:40:45.721633,2026-05-06 10:40:45.721633,
TCK-00163,CMP-00163,CUST-0056,Customer Operations,Low,Open,2026-05-11 10:40:45.721784,2026-05-08 10:40:45.721784,
TCK-00164,CMP-00164,CUST-0077,Finance Operations,High,Open,2026-05-21 10:40:45.721894,2026-05-20 10:40:45.721894,
TCK-00165,CMP-00165,CUST-0067,Customer Operations,Medium,Open,2026-05-17 10:40:45.721979,2026-05-15 10:40:45.721979,
TCK-00166,CMP-00166,CUST-0016,Compliance/KYC,Medium,Escalated,2026-05-23 10:40:45.722062,2026-05-21 10:40:45.722062,
TCK-00167,CMP-00167,CUST-0025,Customer Operations,Medium,Resolved,2026-04-30 10:40:45.722222,2026-04-28 10:40:45.722222,2026-04-29 02:40:45.722222
TCK-00168,CMP-00168,CUST-0027,Customer Operations,Low,Escalated,2026-05-29 10:40:45.722392,2026-05-26 10:40:45.722392,
TCK-00169,CMP-00169,CUST-0019,Customer Operations,Medium,Resolved,2026-05-15 10:40:45.722547,2026-05-13 10:40:45.722547,2026-05-14 13:40:45.722547
TCK-00170,CMP-00170,CUST-0105,Technical Support,High,Escalated,2026-05-13 10:40:45.722701,2026-05-12 10:40:45.722701,
TCK-00171,CMP-00171,CUST-0066,Customer Operations,Low,In Progress,2026-05-21 10:40:45.722846,2026-05-18 10:40:45.722846,
TCK-00172,CMP-00172,CUST-0112,Customer Operations,Medium,Resolved,2026-05-13 10:40:45.722987,2026-05-11 10:40:45.722987,2026-05-13 09:40:45.722987
TCK-00173,CMP-00173,CUST-0116,Fraud/Risk Team,Critical,Resolved,2026-05-26 14:40:45.723146,2026-05-26 10:40:45.723146,2026-05-29 00:40:45.723146
TCK-00174,CMP-00174,CUST-0043,Finance Operations,High,Escalated,2026-05-16 10:40:45.723301,2026-05-15 10:40:45.723301,
TCK-00175,CMP-00175,CUST-0079,Finance Operations,High,Open,2026-05-04 10:40:45.723432,2026-05-03 10:40:45.723432,
TCK-00176,CMP-00176,CUST-0076,Fraud/Risk Team,Critical,Escalated,2026-05-11 14:40:45.723593,2026-05-11 10:40:45.723593,
TCK-00177,CMP-00177,CUST-0021,Technical Support,Medium,Resolved,2026-05-27 10:40:45.723757,2026-05-25 10:40:45.723757,2026-05-27 05:40:45.723757
TCK-00178,CMP-00178,CUST-0016,Fraud/Risk Team,Critical,Open,2026-05-19 14:40:45.723906,2026-05-19 10:40:45.723906,
TCK-00179,CMP-00179,CUST-0101,Compliance/KYC,Medium,Open,2026-05-17 10:40:45.724060,2026-05-15 10:40:45.724060,
TCK-00180,CMP-00180,CUST-0085,Finance Operations,High,Escalated,2026-05-16 10:40:45.724351,2026-05-15 10:40:45.724351,
TCK-00181,CMP-00181,CUST-0097,Compliance/KYC,Medium,In Progress,2026-05-11 10:40:45.724511,2026-05-09 10:40:45.724511,
TCK-00182,CMP-00182,CUST-0032,Technical Support,Medium,Resolved,2026-05-11 10:40:45.724714,2026-05-09 10:40:45.724714,2026-05-11 19:40:45.724714
TCK-00183,CMP-00183,CUST-0033,Fraud/Risk Team,Critical,Escalated,2026-05-23 14:40:45.724895,2026-05-23 10:40:45.724895,
TCK-00184,CMP-00184,CUST-0060,Customer Operations,Low,Resolved,2026-05-25 10:40:45.725059,2026-05-22 10:40:45.725059,2026-05-25 02:40:45.725059
TCK-00185,CMP-00185,CUST-0020,Finance Operations,High,In Progress,2026-05-27 10:40:45.725204,2026-05-26 10:40:45.725204,
TCK-00186,CMP-00186,CUST-0004,Technical Support,Medium,In Progress,2026-05-03 10:40:45.725365,2026-05-01 10:40:45.725365,
TCK-00187,CMP-00187,CUST-0006,Fraud/Risk Team,Critical,Resolved,2026-05-25 14:40:45.725539,2026-05-25 10:40:45.725539,2026-05-25 11:40:45.725539
TCK-00188,CMP-00188,CUST-0087,Finance Operations,High,Escalated,2026-05-20 10:40:45.725709,2026-05-19 10:40:45.725709,
TCK-00189,CMP-00189,CUST-0100,Finance Operations,High,Escalated,2026-05-13 10:40:45.726074,2026-05-12 10:40:45.726074,
TCK-00190,CMP-00190,CUST-0019,Finance Operations,High,Open,2026-05-19 10:40:45.726235,2026-05-18 10:40:45.726235,
TCK-00191,CMP-00191,CUST-0064,Customer Operations,Medium,Open,2026-05-16 10:40:45.726417,2026-05-14 10:40:45.726417,
TCK-00192,CMP-00192,CUST-0021,Technical Support,High,Open,2026-05-21 10:40:45.726594,2026-05-20 10:40:45.726594,
TCK-00193,CMP-00193,CUST-0068,Fraud/Risk Team,Critical,Resolved,2026-05-19 14:40:45.726771,2026-05-19 10:40:45.726771,2026-05-20 09:40:45.726771
TCK-00194,CMP-00194,CUST-0088,Customer Operations,Low,Open,2026-05-27 10:40:45.726940,2026-05-24 10:40:45.726940,
TCK-00195,CMP-00195,CUST-0061,Technical Support,Medium,Open,2026-04-28 10:40:45.727111,2026-04-26 10:40:45.727111,
TCK-00196,CMP-00196,CUST-0008,Finance Operations,High,Open,2026-05-25 10:40:45.727290,2026-05-24 10:40:45.727290,
TCK-00197,CMP-00197,CUST-0031,Finance Operations,High,Escalated,2026-05-05 10:40:45.727484,2026-05-04 10:40:45.727484,
TCK-00198,CMP-00198,CUST-0015,Finance Operations,High,Open,2026-05-04 10:40:45.727655,2026-05-03 10:40:45.727655,
TCK-00199,CMP-00199,CUST-0093,Finance Operations,High,Resolved,2026-05-05 10:40:45.727810,2026-05-04 10:40:45.727810,2026-05-06 00:40:45.727810
TCK-00200,CMP-00200,CUST-0108,Customer Operations,Low,In Progress,2026-05-06 10:40:45.727957,2026-05-03 10:40:45.727957,
TCK-00201,CMP-00201,CUST-0080,Compliance/KYC,Medium,Escalated,2026-05-20 10:40:45.728108,2026-05-18 10:40:45.728108,
TCK-00202,CMP-00202,CUST-0108,Customer Operations,Medium,Resolved,2026-05-27 10:40:45.728264,2026-05-25 10:40:45.728264,2026-05-27 20:40:45.728264
TCK-00203,CMP-00203,CUST-0058,Technical Support,High,Open,2026-05-04 10:40:45.728405,2026-05-03 10:40:45.728405,
TCK-00204,CMP-00204,CUST-0029,Customer Operations,Medium,Resolved,2026-04-29 10:40:45.728573,2026-04-27 10:40:45.728573,2026-04-30 03:40:45.728573
TCK-00205,CMP-00205,CUST-0107,Compliance/KYC,Medium,In Progress,2026-05-13 10:40:45.728771,2026-05-11 10:40:45.728771,
TCK-00206,CMP-00206,CUST-0093,Customer Operations,Medium,Resolved,2026-05-26 10:40:45.728971,2026-05-24 10:40:45.728971,2026-05-25 13:40:45.728971
TCK-00207,CMP-00207,CUST-0115,Fraud/Risk Team,Critical,Resolved,2026-05-09 14:40:45.729171,2026-05-09 10:40:45.729171,2026-05-09 11:40:45.729171
TCK-00208,CMP-00208,CUST-0015,Technical Support,High,Escalated,2026-05-12 10:40:45.729372,2026-05-11 10:40:45.729372,
TCK-00209,CMP-00209,CUST-0029,Finance Operations,High,Escalated,2026-04-29 10:40:45.729559,2026-04-28 10:40:45.729559,
TCK-00210,CMP-00210,CUST-0040,Compliance/KYC,Medium,In Progress,2026-05-08 10:40:45.729707,2026-05-06 10:40:45.729707,
TCK-00211,CMP-00211,CUST-0079,Technical Support,Medium,Open,2026-05-09 10:40:45.729848,2026-05-07 10:40:45.729848,
TCK-00212,CMP-00212,CUST-0028,Compliance/KYC,Medium,Escalated,2026-05-15 10:40:45.729982,2026-05-13 10:40:45.729982,
TCK-00213,CMP-00213,CUST-0119,Finance Operations,High,In Progress,2026-04-27 10:40:45.730105,2026-04-26 10:40:45.730105,
TCK-00214,CMP-00214,CUST-0099,Fraud/Risk Team,Critical,Escalated,2026-05-16 14:40:45.730263,2026-05-16 10:40:45.730263,
TCK-00215,CMP-00215,CUST-0097,Technical Support,High,Open,2026-04-27 10:40:45.730437,2026-04-26 10:40:45.730437,
TCK-00216,CMP-00216,CUST-0053,Technical Support,Medium,Resolved,2026-05-28 10:40:45.730603,2026-05-26 10:40:45.730603,2026-05-27 18:40:45.730603
TCK-00217,CMP-00217,CUST-0114,Fraud/Risk Team,Critical,Open,2026-04-28 14:40:45.730779,2026-04-28 10:40:45.730779,
TCK-00218,CMP-00218,CUST-0023,Fraud/Risk Team,Critical,Escalated,2026-04-30 14:40:45.730949,2026-04-30 10:40:45.730949,
TCK-00219,CMP-00219,CUST-0091,Technical Support,Medium,Open,2026-05-04 10:40:45.731099,2026-05-02 10:40:45.731099,
TCK-00220,CMP-00220,CUST-0056,Technical Support,Medium,Resolved,2026-04-29 10:40:45.731250,2026-04-27 10:40:45.731250,2026-04-27 20:40:45.731250
TCK-00221,CMP-00221,CUST-0035,Finance Operations,High,Escalated,2026-05-13 10:40:45.731406,2026-05-12 10:40:45.731406,
TCK-00222,CMP-00222,CUST-0119,Technical Support,High,Open,2026-05-20 10:40:45.731614,2026-05-19 10:40:45.731614,
TCK-00223,CMP-00223,CUST-0059,Finance Operations,High,Open,2026-05-02 10:40:45.731865,2026-05-01 10:40:45.731865,
TCK-00224,CMP-00224,CUST-0094,Finance Operations,High,Resolved,2026-05-09 10:40:45.732073,2026-05-08 10:40:45.732073,2026-05-10 17:40:45.732073
TCK-00225,CMP-00225,CUST-0061,Customer Operations,Medium,Escalated,2026-05-18 10:40:45.732690,2026-05-16 10:40:45.732690,
TCK-00226,CMP-00226,CUST-0054,Technical Support,High,Resolved,2026-05-26 10:40:45.732958,2026-05-25 10:40:45.732958,2026-05-27 15:40:45.732958
TCK-00227,CMP-00227,CUST-0026,Customer Operations,Low,Resolved,2026-05-13 10:40:45.733178,2026-05-10 10:40:45.733178,2026-05-11 08:40:45.733178
TCK-00228,CMP-00228,CUST-0033,Customer Operations,Low,In Progress,2026-05-18 10:40:45.733424,2026-05-15 10:40:45.733424,
TCK-00229,CMP-00229,CUST-0115,Customer Operations,Low,Escalated,2026-04-30 10:40:45.733611,2026-04-27 10:40:45.733611,
TCK-00230,CMP-00230,CUST-0070,Finance Operations,High,In Progress,2026-05-24 10:40:45.733792,2026-05-23 10:40:45.733792,
TCK-00231,CMP-00231,CUST-0020,Technical Support,Medium,Open,2026-05-21 10:40:45.733998,2026-05-19 10:40:45.733998,
TCK-00232,CMP-00232,CUST-0097,Finance Operations,High,Escalated,2026-05-02 10:40:45.734179,2026-05-01 10:40:45.734179,
TCK-00233,CMP-00233,CUST-0023,Technical Support,Medium,Open,2026-05-27 10:40:45.734338,2026-05-25 10:40:45.734338,
TCK-00234,CMP-00234,CUST-0060,Customer Operations,Low,Open,2026-05-02 10:40:45.734491,2026-04-29 10:40:45.734491,
TCK-00235,CMP-00235,CUST-0095,Technical Support,Medium,In Progress,2026-05-17 10:40:45.734664,2026-05-15 10:40:45.734664,
TCK-00236,CMP-00236,CUST-0092,Fraud/Risk Team,Critical,Escalated,2026-05-10 14:40:45.734884,2026-05-10 10:40:45.734884,
TCK-00237,CMP-00237,CUST-0030,Compliance/KYC,Medium,Escalated,2026-05-15 10:40:45.735065,2026-05-13 10:40:45.735065,
TCK-00238,CMP-00238,CUST-0038,Compliance/KYC,Medium,Open,2026-05-12 10:40:45.735224,2026-05-10 10:40:45.735224,
TCK-00239,CMP-00239,CUST-0037,Technical Support,Medium,Open,2026-05-22 10:40:45.735372,2026-05-20 10:40:45.735372,
TCK-00240,CMP-00240,CUST-0037,Customer Operations,Medium,Resolved,2026-04-30 10:40:45.735517,2026-04-28 10:40:45.735517,2026-04-29 12:40:45.735517
TCK-00241,CMP-00241,CUST-0062,Customer Operations,Low,In Progress,2026-04-29 10:40:45.735662,2026-04-26 10:40:45.735662,
TCK-00242,CMP-00242,CUST-0013,Customer Operations,Medium,In Progress,2026-05-10 10:40:45.735814,2026-05-08 10:40:45.735814,
TCK-00243,CMP-00243,CUST-0066,Finance Operations,High,In Progress,2026-05-08 10:40:45.735953,2026-05-07 10:40:45.735953,
TCK-00244,CMP-00244,CUST-0055,Customer Operations,Medium,Escalated,2026-05-26 10:40:45.736097,2026-05-24 10:40:45.736097,
TCK-00245,CMP-00245,CUST-0053,Compliance/KYC,Medium,Open,2026-04-28 10:40:45.736249,2026-04-26 10:40:45.736249,
TCK-00246,CMP-00246,CUST-0082,Customer Operations,Medium,In Progress,2026-05-19 10:40:45.736423,2026-05-17 10:40:45.736423,
TCK-00247,CMP-00247,CUST-0097,Customer Operations,Low,Escalated,2026-05-11 10:40:45.736588,2026-05-08 10:40:45.736588,
TCK-00248,CMP-00248,CUST-0084,Finance Operations,High,Resolved,2026-05-18 10:40:45.736748,2026-05-17 10:40:45.736748,2026-05-20 03:40:45.736748
TCK-00249,CMP-00249,CUST-0018,Finance Operations,High,Escalated,2026-04-27 10:40:45.736906,2026-04-26 10:40:45.736906,
TCK-00250,CMP-00250,CUST-0016,Customer Operations,Low,Open,2026-05-24 10:40:45.737072,2026-05-21 10:40:45.737072,
